,avg_class_acc,overall_acc,macro_F1
0,0.6027445272195642,0.6850287259209192,0.539662852526269
