,avg_class_acc,overall_acc,macro_F1
0,0.6076426951028011,0.63247718823927,0.4889617660413259
