,avg_class_acc,overall_acc,macro_F1
0,0.5161547484470517,0.6992227103751267,0.48000752830379856
