,num_sample,accuracy,f1_score
0,3843,0.6958105646630237,0.7832454598711189
1,458,0.5480349344978166,0.4722483537158984
2,210,0.6857142857142857,0.4982698961937717
3,266,0.5939849624060151,0.5240464344941955
4,716,0.7793296089385475,0.6035694970254192
5,337,0.6617210682492581,0.6084583901773533
6,19,0.2631578947368421,0.25
7,69,0.5942028985507246,0.5774647887323944
8,5918,0.6850287259209192,0.539662852526269
