,num_sample,avg_class_acc,overall_acc,macro_F1,macro_precison,macro_recall
0,2075,0.7165124197249176,0.7691566265060241,0.7014250014871981,0.698279615184288,0.7165124197249176
