,num_sample,avg_class_acc,overall_acc,macro_F1,macro_precison,macro_recall
0,2075,0.6826674541040608,0.7527710843373494,0.6578522482122591,0.6505075845781624,0.6826674541040608
