,num_sample,avg_class_acc,overall_acc,macro_F1,macro_precison,macro_recall,binary model FPR,binary model FNR
0,7918,0.5363559751099303,0.7511997979287699,0.47386048248986906,0.4424422762461656,0.5363559751099303,0.1285678201566052,0.0771659509977267
