,num_sample,accuracy,f1_score,precision,recall
0,5843,0.8257744309430087,0.8555723025090878,0.8876011773362766,0.8257744309430087
1,458,0.4344978165938865,0.4497175141242938,0.46604215456674475,0.4344978165938865
2,210,0.45714285714285713,0.46265060240963857,0.4682926829268293,0.45714285714285713
3,266,0.6390977443609023,0.4728789986091794,0.37527593818984545,0.6390977443609023
4,716,0.5349162011173184,0.5382993675333803,0.5417256011315418,0.5349162011173184
5,337,0.685459940652819,0.5448113207547169,0.4520547945205479,0.685459940652819
6,19,0.10526315789473684,0.0816326530612245,0.06666666666666667,0.10526315789473684
7,69,0.6086956521739131,0.3853211009174312,0.28187919463087246,0.6086956521739131
