,num_sample,accuracy,f1_score,precision,recall
0,458,0.6462882096069869,0.7201946472019464,0.8131868131868132,0.6462882096069869
1,210,0.7238095238095238,0.7676767676767677,0.8172043010752689,0.7238095238095238
2,266,0.849624060150376,0.6900763358778625,0.5809768637532133,0.849624060150376
3,716,0.8226256983240223,0.8426323319027182,0.8636363636363636,0.8226256983240223
4,337,0.8130563798219584,0.7907647907647908,0.7696629213483146,0.8130563798219584
5,19,0.42105263157894735,0.4,0.38095238095238093,0.42105263157894735
6,69,0.7391304347826086,0.6986301369863014,0.6623376623376623,0.7391304347826086
