,avg_class_acc,overall_acc,macro_F1
0,0.4953484928134687,0.614227779655289,0.3996820760763185
