,num_sample,avg_class_acc,overall_acc,macro_F1,macro_precison,macro_recall
0,5918,0.4953485,0.614227779655289,0.3996820760763185,0.3653935659681961,0.4953484928134687
