,num_sample,avg_class_acc,overall_acc,macro_F1,macro_precison,macro_recall
0,5918,0.48047745,0.5888813788442041,0.3892230224057459,0.3528376774196566,0.4804774486751291
